{
 "Tender_Document": [
  {
   "name": "Pre-Bid Meeting for Supply and Installation of Steel furniture at IIIT Dharwad New Campus.",
   "url": "https://iiitdwd.ac.in/docs/Tenders/Tender_19.pdf",
   "Published_Data": "04/03/2020",
   "Bid_Submission_Closing_Date": "04/03/2020 AT 10.30 A.M"
  },
  {
   "name": "Pre-Bid Meeting for Supply and Installation of Office and Class Room furniture at IIIT Dharwad New Campus.",
   "url": "https://iiitdwd.ac.in/docs/Tenders/Tender_18.pdf",
   "Published_Data": "27/02/2020",
   "Bid_Submission_Closing_Date": "27/02/2020 AT 10.30 A.M"
  },
  {
   "name": "Notice Inviting Tender for Supply and Installation of Steel Furniture at IIIT Dharwad New Campus",
   "url": "https://iiitdwd.ac.in/docs/Tenders/Tender_17.pdf",
   "Published_Data": "18/02/2020",
   "Bid_Submission_Closing_Date": "16/03/2020 AT 03.00P.M"
  },
  {
   "name": "Notice Inviting Tender for Supply and Installation of Office and Class Room furniture at IIIT Dharwad New Campus.",
   "url": "https://iiitdwd.ac.in/docs/Tenders/Tender_16.pdf",
   "Published_Data": "14/02/2020",
   "Bid_Submission_Closing_Date": "12/03/2020 AT 03.00P.M"
  },
  {
   "name": "Notice Inviting Tender for Supply, Installation, Demonstration, and Training for RFID based Library Automation Setup at IIIT Dharwad",
   "url": "https://iiitdwd.ac.in/docs/Tenders/Tender_15.pdf",
   "Published_Data": "10/01/2020",
   "Bid_Submission_Closing_Date": "31/01/2020 AT 03.00P.M"
  },
  {
   "name": "NIT for Supply, Installation, Demonstration and Training for Audio Video Studio Setup at IIIT Dharwad",
   "url": "https://iiitdwd.ac.in/docs/Tenders/Tender_14.pdf",
   "Published_Data": "17/10/2019",
   "Bid_Submission_Closing_Date": "18/11/2019 AT 12.00P.M"
  },
  {
   "name": "NOTICE INVITING QUOTATION FOR ANNUAL MAINTENANCE OF AIR CONDITIONING UNITS AT IIIT DHARWAD",
   "url": "https://iiitdwd.ac.in/docs/Tenders/Tender_13.pdf",
   "Published_Data": "10/10/2019",
   "Bid_Submission_Closing_Date": "24/10/2019 AT 3.00P.M"
  },
  {
   "name": "Tender for Selection of Agency for Providing Catering Service for IIIT Dharwad Hostels",
   "url": "https://iiitdwd.ac.in/docs/Tenders/Tender_12.pdf",
   "Published_Data": "22/05/2019",
   "Bid_Submission_Closing_Date": "12/06/2019 AT 3.30P.M"
  },
  {
   "name": "Expression of Interest for Hostel Accomodation",
   "url": "https://iiitdwd.ac.in/docs/Tenders/Tender_11.pdf",
   "Published_Data": "21/05/2019",
   "Bid_Submission_Closing_Date": "06/06/2019 AT 3.30P.M"
  },
  {
   "name": "NOTICE INVITING TENDER FOR HIRING OF BRAND NEW INNOVA CRYSTA-CRYSTAL WHITEON RENTAL BASIS",
   "url": "https://iiitdwd.ac.in/docs/Tenders/Tender_10.pdf",
   "Published_Data": "5/02/2019",
   "Bid_Submission_Closing_Date": "22/2/2019 AT 3 PM"
  },
  {
   "name": "NOTICE INVITING TENDER FOR HIRING OF MANPOWER SERVICES",
   "url": "https://iiitdwd.ac.in/docs/Tenders/Tender_9.pdf",
   "Published_Data": "5/02/2019",
   "Bid_Submission_Closing_Date": "26/2/2019 AT 3 P.M"
  },
  {
   "name": "NOTICE INVITING TENDER FOR CONSTRUCTION OFACDAMIC,HOSTELS&RESIDENTIALQUTARTERS WITH NECESSARY INFRASTRUCTURE FACALITIES AT IIIT DHARWAD CAMPUS",
   "url": "https://iiitdwd.ac.in/docs/Tenders/Tender_8.pdf",
   "Published_Data": "22/10/2018",
   "Bid_Submission_Closing_Date": "22/11/2018 AT 3P.M."
  },
  {
   "name": "NOTICE INVITING TENDER FOR VIDEO CONFERENCING FOR IIIT DHARWAD",
   "url": "https://iiitdwd.ac.in/docs/Tenders/Tender_7.pdf",
   "Published_Data": "3/07/2018",
   "Bid_Submission_Closing_Date": "24/07/2018 AT 3 P.M"
  },
  {
   "name": "NOTICE INVITING TENDER FOR PROCUREMENT OF NETWORK ACCESSORIES FOR IIIT DHARWAD",
   "url": "https://iiitdwd.ac.in/docs/Tenders/Tender_6.pdf",
   "Published_Data": "3/07/2018",
   "Bid_Submission_Closing_Date": "24/07/2018 AT 3 P.M."
  },
  {
   "name": "NOTICE INVITING TENDER FOR PROCUREMENT OF UPS FOR IIIT DHARWAD",
   "url": "https://iiitdwd.ac.in/docs/Tenders/Tender_5.pdf",
   "Published_Data": "3/07/2018",
   "Bid_Submission_Closing_Date": "24/07/2018 AT 3 P.M."
  }
 ]
}